[
  {
    "id": "i18n",
    "name": "i18n",
    "title": "i18n",
    "description": ""
  },
  {
    "id": "pyperclip",
    "name": "pyperclip",
    "title": "pyperclip",
    "description": ""
  },
  {
    "id": "sample_folder",
    "name": "sample_folder",
    "title": "sample_folder",
    "description": ""
  },
  {
    "id": "scripts",
    "name": "scripts",
    "title": "scripts",
    "description": ""
  },
  {
    "id": "__pycache__",
    "name": "__pycache__",
    "title": "__pycache__",
    "description": ""
  }
]